{
	 "rootnode": {
		 "name": "bul.obj"
		,"transformation": [
			 1
			,0
			,0
			,0
			,0
			,1
			,0
			,0
			,0
			,0
			,1
			,0
			,0
			,0
			,0
			,1
		]
		,"children": [
			{
				 "name": "Cylinder_Cylinder.003"
				,"transformation": [
					 1
					,0
					,0
					,0
					,0
					,1
					,0
					,0
					,0
					,0
					,1
					,0
					,0
					,0
					,0
					,1
				]
				,"meshes": [
					 0
				]
			}
		]
	}
	,"flags": 8
	,"meshes": [
		{
			 "name": ""
			,"materialindex": 1
			,"primitivetypes": 4
			,"vertices": [
				 -0.028476
				,0.003361
				,-0.025906
				,-0.028581
				,-0.007688
				,-0.021159
				,0.034235
				,-0.009006
				,-0.022842
				,0.03434
				,0.002043
				,-0.027589
				,-0.028375
				,-0.012149
				,-0.009992
				,0.034441
				,-0.013467
				,-0.011676
				,-0.027979
				,-0.007407
				,0.001053
				,0.034837
				,-0.008726
				,-0.00063
				,-0.027626
				,0.003758
				,0.005507
				,0.03519
				,0.00244
				,0.003823
				,-0.027521
				,0.014808
				,0.00076
				,0.035295
				,0.013489
				,-0.000924
				,-0.027727
				,0.019268
				,-0.010407
				,0.035089
				,0.01795
				,-0.01209
				,0.034235
				,-0.009006
				,-0.022842
				,0.034441
				,-0.013467
				,-0.011676
				,0.034837
				,-0.008726
				,-0.00063
				,0.03519
				,0.00244
				,0.003823
				,0.035295
				,0.013489
				,-0.000924
				,0.035089
				,0.01795
				,-0.01209
				,0.034694
				,0.013209
				,-0.023135
				,0.03434
				,0.002043
				,-0.027589
				,-0.028122
				,0.014527
				,-0.021452
				,0.034694
				,0.013209
				,-0.023135
				,-0.05841
				,0.010494
				,-0.01416
				,-0.058593
				,0.004113
				,-0.016019
				,-0.058593
				,0.004113
				,-0.016019
				,-0.05841
				,0.010494
				,-0.01416
				,-0.058229
				,0.013186
				,-0.009505
				,-0.058156
				,0.010613
				,-0.00478
				,-0.058234
				,0.004281
				,-0.002753
				,-0.058418
				,-0.0021
				,-0.004612
				,-0.058599
				,-0.004793
				,-0.009267
				,-0.058672
				,-0.002219
				,-0.013992
				,-0.058229
				,0.013186
				,-0.009505
				,-0.058156
				,0.010613
				,-0.00478
				,-0.058234
				,0.004281
				,-0.002753
				,-0.058418
				,-0.0021
				,-0.004612
				,-0.058599
				,-0.004793
				,-0.009267
				,-0.058672
				,-0.002219
				,-0.013992
			]
			,"normals": [
				 0.173383
				,0.0331706
				,0.984296
				,0.160063
				,0.691406
				,0.704512
				,0.0337063
				,0.715818
				,0.697473
				,0.0270458
				,0.0126372
				,0.999554
				,0.128516
				,0.991621
				,0.0131055
				,0.0206201
				,0.999701
				,-0.0131426
				,0.123857
				,0.668261
				,-0.733544
				,-0.00454255
				,0.697957
				,-0.716125
				,0.118901
				,-0.0392875
				,-0.992129
				,-0.0270513
				,-0.0126763
				,-0.999554
				,0.0929914
				,-0.696722
				,-0.711289
				,-0.0337254
				,-0.715818
				,-0.697472
				,0.0859564
				,-0.996121
				,-0.0188112
				,-0.0206343
				,-0.9997
				,0.013159
				,-0.999419
				,0.0210288
				,0.0268396
				,-0.99942
				,0.0210031
				,0.0268145
				,-0.999423
				,0.0209159
				,0.0267797
				,-0.999421
				,0.0210023
				,0.0267786
				,-0.999421
				,0.0209418
				,0.0268046
				,-0.999422
				,0.0210284
				,0.0267158
				,-0.999422
				,0.0210284
				,0.0267158
				,-0.999422
				,0.0210284
				,0.0267158
				,0.134812
				,-0.673738
				,0.726569
				,0.00454157
				,-0.697973
				,0.716109
				,0.279882
				,-0.601293
				,0.748407
				,0.294538
				,0.00794636
				,0.955607
				,0.99943
				,-0.020947
				,-0.026484
				,0.999423
				,-0.0209503
				,-0.026745
				,0.999421
				,-0.020924
				,-0.0268351
				,0.999421
				,-0.0209086
				,-0.0268566
				,0.99942
				,-0.021012
				,-0.0267968
				,0.999423
				,-0.0208494
				,-0.0267989
				,0.999423
				,-0.0208494
				,-0.0267989
				,0.999423
				,-0.0208494
				,-0.0267989
				,0.220477
				,-0.975385
				,0.00377894
				,0.197625
				,-0.626302
				,-0.754116
				,0.242377
				,-0.0192035
				,-0.969992
				,0.264379
				,0.589827
				,-0.763026
				,0.260665
				,0.965285
				,-0.0166714
				,0.263772
				,0.616572
				,0.741798
			]
			,"faces": [
				[
					 0
					,1
					,2
				]
				,[
					 0
					,2
					,3
				]
				,[
					 22
					,0
					,3
				]
				,[
					 0
					,22
					,24
				]
				,[
					 0
					,24
					,25
				]
				,[
					 1
					,0
					,25
				]
				,[
					 1
					,5
					,2
				]
				,[
					 1
					,4
					,5
				]
				,[
					 4
					,7
					,5
				]
				,[
					 4
					,6
					,7
				]
				,[
					 6
					,4
					,38
				]
				,[
					 4
					,1
					,39
				]
				,[
					 4
					,39
					,38
				]
				,[
					 6
					,9
					,7
				]
				,[
					 6
					,8
					,9
				]
				,[
					 8
					,6
					,37
				]
				,[
					 6
					,38
					,37
				]
				,[
					 8
					,11
					,9
				]
				,[
					 8
					,10
					,11
				]
				,[
					 10
					,8
					,36
				]
				,[
					 8
					,37
					,36
				]
				,[
					 10
					,13
					,11
				]
				,[
					 10
					,12
					,13
				]
				,[
					 12
					,10
					,35
				]
				,[
					 10
					,36
					,35
				]
				,[
					 12
					,23
					,13
				]
				,[
					 12
					,22
					,23
				]
				,[
					 22
					,12
					,34
				]
				,[
					 12
					,35
					,34
				]
				,[
					 22
					,3
					,23
				]
				,[
					 22
					,34
					,24
				]
				,[
					 1
					,25
					,39
				]
				,[
					 21
					,14
					,15
				]
				,[
					 21
					,15
					,16
				]
				,[
					 21
					,16
					,17
				]
				,[
					 21
					,17
					,18
				]
				,[
					 21
					,18
					,19
				]
				,[
					 19
					,20
					,21
				]
				,[
					 33
					,26
					,27
				]
				,[
					 33
					,27
					,28
				]
				,[
					 33
					,28
					,29
				]
				,[
					 33
					,29
					,30
				]
				,[
					 33
					,30
					,31
				]
				,[
					 31
					,32
					,33
				]
			]
		}
	]
	,"materials": [
		{
			 "properties": [
				{
					 "key": "?mat.name"
					,"semantic": 0
					,"index": 0
					,"type": 3
					,"value": "DefaultMaterial"
				}
				,{
					 "key": "$mat.shadingm"
					,"semantic": 0
					,"index": 0
					,"type": 4
					,"value": 2
				}
				,{
					 "key": "$clr.ambient"
					,"semantic": 0
					,"index": 0
					,"type": 1
					,"value": [
						 0
						,0
						,0
					]
				}
				,{
					 "key": "$clr.diffuse"
					,"semantic": 0
					,"index": 0
					,"type": 1
					,"value": [
						 0.6
						,0.6
						,0.6
					]
				}
				,{
					 "key": "$clr.specular"
					,"semantic": 0
					,"index": 0
					,"type": 1
					,"value": [
						 0
						,0
						,0
					]
				}
				,{
					 "key": "$mat.shininess"
					,"semantic": 0
					,"index": 0
					,"type": 1
					,"value": 0
				}
				,{
					 "key": "$mat.opacity"
					,"semantic": 0
					,"index": 0
					,"type": 1
					,"value": 1
				}
				,{
					 "key": "$mat.refracti"
					,"semantic": 0
					,"index": 0
					,"type": 1
					,"value": 1
				}
			]
		}
		,{
			 "properties": [
				{
					 "key": "?mat.name"
					,"semantic": 0
					,"index": 0
					,"type": 3
					,"value": "None"
				}
				,{
					 "key": "$mat.shadingm"
					,"semantic": 0
					,"index": 0
					,"type": 4
					,"value": 3
				}
				,{
					 "key": "$clr.ambient"
					,"semantic": 0
					,"index": 0
					,"type": 1
					,"value": [
						 0
						,0
						,0
					]
				}
				,{
					 "key": "$clr.diffuse"
					,"semantic": 0
					,"index": 0
					,"type": 1
					,"value": [
						 0.8
						,0.8
						,0.8
					]
				}
				,{
					 "key": "$clr.specular"
					,"semantic": 0
					,"index": 0
					,"type": 1
					,"value": [
						 0.8
						,0.8
						,0.8
					]
				}
				,{
					 "key": "$mat.shininess"
					,"semantic": 0
					,"index": 0
					,"type": 1
					,"value": 0
				}
				,{
					 "key": "$mat.opacity"
					,"semantic": 0
					,"index": 0
					,"type": 1
					,"value": 1
				}
				,{
					 "key": "$mat.refracti"
					,"semantic": 0
					,"index": 0
					,"type": 1
					,"value": 1
				}
			]
		}
	]
}
