{
	 "rootnode": {
		 "name": "cube.obj"
		,"transformation": [
			 1
			,0
			,0
			,0
			,0
			,1
			,0
			,0
			,0
			,0
			,1
			,0
			,0
			,0
			,0
			,1
		]
		,"children": [
			{
				 "name": "Cube"
				,"transformation": [
					 1
					,0
					,0
					,0
					,0
					,1
					,0
					,0
					,0
					,0
					,1
					,0
					,0
					,0
					,0
					,1
				]
				,"meshes": [
					 0
				]
			}
		]
	}
	,"flags": 8
	,"meshes": [
		{
			 "name": ""
			,"materialindex": 0
			,"primitivetypes": 4
			,"vertices": [
				 1
				,-1
				,-1
				,1
				,-1
				,1
				,-1
				,-1
				,1
				,-1
				,-1
				,-1
				,-1
				,1
				,-1
				,-1
				,1
				,1
				,1
				,-1
				,-1
				,1
				,1
				,-0.999999
				,0.999999
				,1
				,1
				,1
				,-1
				,1
				,1
				,-1
				,1
				,0.999999
				,1
				,1
				,-1
				,1
				,1
				,-1
				,-1
				,1
				,-1
				,-1
				,1
				,-1
				,1
				,1
				,-1
				,1
				,-1
				,-1
				,-1
				,-1
				,1
				,1
				,-0.999999
				,1
				,-1
				,-1
				,-1
				,-1
				,-1
				,-1
				,1
				,-1
				,1
				,1
				,-0.999999
				,-1
				,1
				,-1
				,-1
				,1
				,1
				,0.999999
				,1
				,1
				,0.999999
				,1
				,1
				,1
				,1
				,-0.999999
			]
			,"normals": [
				 0
				,-1
				,0
				,0
				,-1
				,0
				,0
				,-1
				,0
				,0
				,-1
				,0
				,-0.57735
				,0.57735
				,-0.57735
				,-0.57735
				,0.57735
				,0.57735
				,1
				,5.06639e-07
				,0
				,1
				,-2.56684e-13
				,5.06639e-07
				,1
				,5.06639e-07
				,0
				,1
				,5.06639e-07
				,0
				,0
				,0
				,1
				,-4.76837e-07
				,-4.76837e-07
				,1
				,0
				,0
				,1
				,0
				,0
				,1
				,-1
				,0
				,0
				,-1
				,0
				,0
				,-1
				,0
				,0
				,-1
				,0
				,0
				,5.06639e-07
				,0
				,-1
				,0
				,5.06639e-07
				,-1
				,5.06639e-07
				,0
				,-1
				,5.06639e-07
				,0
				,-1
				,0
				,1
				,0
				,0
				,1
				,0
				,0
				,1
				,0
				,0
				,1
				,0
				,0.57735
				,0.57735
				,0.57735
				,0.577351
				,0.57735
				,-0.57735
			]
			,"faces": [
				[
					 0
					,1
					,2
				]
				,[
					 0
					,2
					,3
				]
				,[
					 6
					,7
					,8
				]
				,[
					 6
					,8
					,9
				]
				,[
					 10
					,11
					,12
				]
				,[
					 10
					,12
					,13
				]
				,[
					 14
					,15
					,16
				]
				,[
					 14
					,16
					,17
				]
				,[
					 18
					,19
					,20
				]
				,[
					 18
					,20
					,21
				]
				,[
					 22
					,23
					,24
				]
				,[
					 22
					,24
					,25
				]
			]
		}
	]
	,"materials": [
		{
			 "properties": [
				{
					 "key": "?mat.name"
					,"semantic": 0
					,"index": 0
					,"type": 3
					,"value": "Material"
				}
				,{
					 "key": "$mat.shadingm"
					,"semantic": 0
					,"index": 0
					,"type": 4
					,"value": 3
				}
				,{
					 "key": "$clr.ambient"
					,"semantic": 0
					,"index": 0
					,"type": 1
					,"value": [
						 0
						,0
						,0
					]
				}
				,{
					 "key": "$clr.diffuse"
					,"semantic": 0
					,"index": 0
					,"type": 1
					,"value": [
						 0.64
						,0.64
						,0.64
					]
				}
				,{
					 "key": "$clr.specular"
					,"semantic": 0
					,"index": 0
					,"type": 1
					,"value": [
						 0.5
						,0.5
						,0.5
					]
				}
				,{
					 "key": "$clr.emissive"
					,"semantic": 0
					,"index": 0
					,"type": 1
					,"value": [
						 0
						,0
						,0
					]
				}
				,{
					 "key": "$mat.shininess"
					,"semantic": 0
					,"index": 0
					,"type": 1
					,"value": 384.314
				}
				,{
					 "key": "$mat.opacity"
					,"semantic": 0
					,"index": 0
					,"type": 1
					,"value": 1
				}
				,{
					 "key": "$mat.refracti"
					,"semantic": 0
					,"index": 0
					,"type": 1
					,"value": 1
				}
			]
		}
	]
}
