{
	 "rootnode": {
		 "name": "face2.obj"
		,"transformation": [
			 1
			,0
			,0
			,0
			,0
			,1
			,0
			,0
			,0
			,0
			,1
			,0
			,0
			,0
			,0
			,1
		]
		,"children": [
			{
				 "name": "Cube_Cube.001"
				,"transformation": [
					 1
					,0
					,0
					,0
					,0
					,1
					,0
					,0
					,0
					,0
					,1
					,0
					,0
					,0
					,0
					,1
				]
				,"meshes": [
					 0
				]
			}
		]
	}
	,"flags": 8
	,"meshes": [
		{
			 "name": "face"
			,"materialindex": 0
			,"primitivetypes": 4
			,"vertices": [
				 0.313711
				,-4.88211
				,-0.866718
				,0.938377
				,-4.58333
				,-0.053765
				,-0.886914
				,-5.16731
				,0.616323
				,-1.22841
				,-5.20829
				,1.93214
				,0.250854
				,-4.80338
				,1.48394
				,3.48408
				,-0.733979
				,-0.763476
				,3.04807
				,-2.67163
				,-3.12918
				,3.90824
				,-0.671755
				,-3.75287
				,-1.22841
				,-4.92956
				,2.11495
				,1.36576
				,-4.26451
				,-0.17205
				,-1.22841
				,-4.20883
				,2.81391
				,0.186958
				,-3.59988
				,2.16139
				,1.68256
				,-2.94044
				,0.903271
				,0.709165
				,2.40137
				,1.56997
				,-0.018826
				,2.9178
				,1.60223
				,-0.037493
				,2.68758
				,1.53771
				,1.37994
				,-4.19763
				,-2.12678
				,2.68506
				,-2.88946
				,-0.634437
				,-0.413671
				,0.315011
				,3.55931
				,-0.681577
				,-0.29426
				,3.18295
				,0.07029
				,-0.00907
				,2.75282
				,0.95611
				,-2.54122
				,1.81729
				,-2.27412
				,-2.29476
				,1.50162
				,-1.22841
				,-1.72312
				,2.55635
				,-2.10377
				,-1.50992
				,3.19759
				,2.31343
				,4.24593
				,1.6775
				,2.75625
				,3.07958
				,0.763479
				,3.61415
				,3.29826
				,-0.04301
				,1.94061
				,-0.972812
				,1.26888
				,0.777608
				,3.30358
				,1.77428
				,0.678234
				,4.24593
				,2.51625
				,-0.325181
				,3.70706
				,2.61303
				,1.07278
				,-1.66836
				,2.04311
				,-0.1827
				,-2.30255
				,1.50848
				,-1.20577
				,-2.89019
				,1.06643
				,0.89383
				,-2.22158
				,1.8603
				,-0.381828
				,2.01626
				,2.30119
				,0.867137
				,-1.93001
				,1.95708
				,-0.768902
				,2.45709
				,2.75282
				,0.122472
				,-1.85722
				,2.61303
				,0.480792
				,-0.877605
				,2.35495
				,-0.353049
				,-1.51771
				,3.20445
				,2.63181
				,2.78714
				,0.569921
				,1.79182
				,2.39514
				,1.06457
				,-0.819834
				,-1.4031
				,3.30123
				,-1.22841
				,-0.414194
				,3.31931
				,-1.22841
				,-1.49194
				,3.54513
				,3.8743
				,2.10903
				,-0.634437
				,1.84385
				,0.629242
				,1.656
				,0.800897
				,1.2206
				,2.12914
				,-0.677256
				,0.362543
				,3.61308
				,-1.22841
				,0.347657
				,4.58819
				,-1.22841
				,1.35107
				,3.93224
				,-1.22841
				,2.54814
				,2.94295
				,-1.18921
				,3.56784
				,2.88183
				,-0.808307
				,3.53982
				,2.6668
				,4.48885
				,2.2313
				,-3.64533
				,1.80426
				,3.33469
				,1.56997
				,-2.77053
				,-4.87432
				,-0.873585
				,-1.5699
				,-5.15952
				,0.609455
				,-3.39519
				,-4.57554
				,-0.060632
				,-1.63698
				,-1.39531
				,3.29437
				,-5.9409
				,-0.726189
				,-0.770343
				,-6.36506
				,-0.663965
				,-3.75973
				,-5.50489
				,-2.66385
				,-3.13605
				,-3.82258
				,-4.25672
				,-0.178917
				,-2.64377
				,-3.59209
				,2.15453
				,-2.70767
				,-4.79559
				,1.47708
				,-4.13938
				,-2.93265
				,0.896403
				,-3.16598
				,2.40915
				,1.5631
				,-2.41932
				,2.69537
				,1.53084
				,-2.43799
				,2.92559
				,1.59536
				,-5.14188
				,-2.88167
				,-0.641305
				,-3.83676
				,-4.18984
				,-2.13365
				,-2.04315
				,0.322801
				,3.55244
				,-2.52711
				,-0.00128
				,2.74595
				,-1.77524
				,-0.28647
				,3.17608
				,-3.41293
				,-2.53343
				,1.81042
				,-4.77025
				,4.25372
				,1.67063
				,-6.07097
				,3.30605
				,-0.049877
				,-5.21307
				,3.08737
				,0.756612
				,-4.39743
				,-0.965022
				,1.26201
				,-3.23443
				,3.31137
				,1.76741
				,-2.13164
				,3.71485
				,2.60616
				,-3.13505
				,4.25372
				,2.50939
				,-3.52959
				,-1.66057
				,2.03624
				,-3.35065
				,-2.21379
				,1.85344
				,-2.07499
				,2.02405
				,2.29432
				,-3.32395
				,-1.92222
				,1.95022
				,-1.68792
				,2.46488
				,2.74595
				,-2.57929
				,-1.84943
				,2.60616
				,-2.93761
				,-0.869815
				,2.34808
				,-5.08862
				,2.79493
				,0.563054
				,-4.24863
				,2.40293
				,1.0577
				,-6.33111
				,2.11682
				,-0.641304
				,-4.30066
				,0.637032
				,1.64913
				,-3.25771
				,1.22839
				,2.12227
				,-1.77956
				,0.370332
				,3.60621
				,-1.64851
				,3.54761
				,2.65993
				,-6.94566
				,2.23909
				,-3.6522
				,-4.26108
				,3.34248
				,1.5631
				,-1.22841
				,-0.414194
				,3.31931
				,-0.681577
				,-0.29426
				,3.18295
				,-0.677256
				,0.362543
				,3.61308
				,-1.22841
				,0.347657
				,4.58819
				,-1.77956
				,0.370332
				,3.60621
				,-1.77524
				,-0.28647
				,3.17608
			]
			,