{
	 "rootnode": {
		 "name": "crate.obj"
		,"transformation": [
			 1
			,0
			,0
			,0
			,0
			,1
			,0
			,0
			,0
			,0
			,1
			,0
			,0
			,0
			,0
			,1
		]
		,"children": [
			{
				 "name": "Cube"
				,"transformation": [
					 1
					,0
					,0
					,0
					,0
					,1
					,0
					,0
					,0
					,0
					,1
					,0
					,0
					,0
					,0
					,1
				]
				,"meshes": [
					 0
				]
			}
		]
	}
	,"flags": 8
	,"meshes": [
		{
			 "name": ""
			,"materialindex": 0
			,"primitivetypes": 4
			,"vertices": [
				 1
				,-1
				,1
				,-1
				,-1
				,1
				,-1
				,-1
				,-1
				,-1
				,1
				,-1
				,-1
				,1
				,1
				,0.999999
				,1
				,1
				,1
				,-1
				,-1
				,1
				,1
				,-0.999999
				,0.999999
				,1
				,1
				,1
				,-1
				,1
				,0.999999
				,1
				,1
				,-1
				,1
				,1
				,-1
				,1
				,1
				,-1
				,1
				,-1
				,-1
				,-1
				,-1
				,1
				,-1
				,-1
				,-1
				,-1
				,-1
				,-1
				,1
				,-1
				,1
				,-1
				,-1
				,1
				,1
				,-0.999999
				,1
				,-1
				,1
				,-1
				,-1
				,1
				,-1
				,-1
				,1
				,1
				,1
				,-0.999999
			]
			,"normals": [
				 0
				,-1
				,0
				,0
				,-1
				,0
				,0
				,-1
				,0
				,0
				,1
				,0
				,0
				,1
				,0
				,0
				,1
				,0
				,1
				,-0
				,0
				,1
				,-0
				,0
				,1
				,-0
				,0
				,-0
				,-0
				,1
				,-0
				,-0
				,1
				,-0
				,-0
				,1
				,-1
				,-0
				,-0
				,-1
				,-0
				,-0
				,-1
				,-0
				,-0
				,0
				,0
				,-1
				,0
				,0
				,-1
				,0
				,0
				,-1
				,0
				,-1
				,0
				,0
				,1
				,0
				,1
				,-0
				,0
				,-0
				,-0
				,1
				,-1
				,-0
				,-0
				,0
				,0
				,-1
			]
			,"tangents": [
				 0
				,0
				,1
				,0
				,0
				,1
				,0
				,0
				,1
				,-1
				,0
				,-4.86771e-07
				,-1
				,0
				,-4.76837e-07
				,-1
				,0
				,-4.86771e-07
				,0
				,1
				,4.96705e-07
				,0
				,1
				,5.06639e-07
				,0
				,1
				,4.96705e-07
				,-3.3776e-07
				,1
				,0
				,-5.06639e-07
				,1
				,0
				,-3.3776e-07
				,1
				,0
				,0
				,1
				,0
				,0
				,1
				,0
				,0
				,1
				,0
				,0
				,-1
				,0
				,0
				,-1
				,0
				,0
				,-1
				,0
				,0
				,0
				,1
				,-1
				,0
				,-5.06639e-07
				,0
				,1
				,4.76837e-07
				,0
				,1
				,0
				,0
				,1
				,0
				,0
				,-1
				,0
			]
			,"bitangents": [
				 1
				,0
				,0
				,1
				,0
				,0
				,1
				,0
				,0
				,1.6888e-07
				,0
				,-1
				,0
				,0
				,-1
				,1.6888e-07
				,0
				,-1
				,0
				,0
				,-1
				,0
				,0
				,-1
				,0
				,0
				,-1
				,1
				,0
				,0
				,1
				,0
				,0
				,1
				,0
				,0
				,0
				,0
				,1
				,0
				,0
				,1
				,0
				,0
				,1
				,1
				,0
				,0
				,1
				,0
				,0
				,1
				,0
				,0
				,1
				,0
				,0
				,5.06639e-07
				,0
				,-1
				,0
				,0
				,-1
				,1
				,0
				,0
				,0
				,0
				,1
				,1
				,0
				,0
			]
			,"numuvcomponents": [
				 2
			]
			,"texturecoords": [
				[
					 1
					,0
					,1
					,1
					,0
					,1
					,1
					,0
					,1
					,1
					,0
					,1
					,0
					,0
					,1
					,0
					,1
					,1
					,0
					,0
					,1
					,0
					,1
					,1
					,1
					,0
					,1
					,1
					,0
					,1
					,1
					,0
					,1
					,1
					,0
					,1
					,0
					,0
					,0
					,0
					,0
					,1
					,0
					,1
					,0
					,0
					,0
					,0
				]
			]
			,"faces": [
				[
					 0
					,1
					,2
				]
				,[
					 18
					,0
					,2
				]
				,[
					 3
					,4
					,5
				]
				,[
					 19
					,3
					,5
				]
				,[
					 6
					,7
					,8
				]
				,[
					 20
					,6
					,8
				]
				,[
					 9
					,10
					,11
				]
				,[
					 21
					,9
					,11
				]
				,[
					 12
					,13
					,14
				]
				,[
					 22
					,12
					,14
				]
				,[
					 15
					,16
					,17
				]
				,[
					 23
					,15
					,17
				]
			]
		}
	]
	,"materials": [
		{
			 "properties": [
				{
					 "key": "?mat.name"
					,"semantic": 0
					,"index": 0
					,"type": 3
					,"value": "Material.001"
				}
				,{
					 "key": "$mat.shadingm"
					,"semantic": 0
					,"index": 0
					,"type": 4
					,"value": 3
				}
				,{
					 "key": "$clr.ambient"
					,"semantic": 0
					,"index": 0
					,"type": 1
					,"value": [
						 0
						,0
						,0
					]
				}
				,{
					 "key": "$clr.diffuse"
					,"semantic": 0
					,"index": 0
					,"type": 1
					,"value": [
						 0.64
						,0.64
						,0.64
					]
				}
				,{
					 "key": "$clr.specular"
					,"semantic": 0
					,"index": 0
					,"type": 1
					,"value": [
						 0.5
						,0.5
						,0.5
					]
				}
				,{
					 "key": "$clr.emissive"
					,"semantic": 0
					,"index": 0
					,"type": 1
					,"value": [
						 0
						,0
						,0
					]
				}
				,{
					 "key": "$mat.shininess"
					,"semantic": 0
					,"index": 0
					,"type": 1
					,"value": 384.314
				}
				,{
					 "key": "$mat.opacity"
					,"semantic": 0
					,"index": 0
					,"type": 1
					,"value": 1
				}
				,{
					 "key": "$mat.refracti"
					,"semantic": 0
					,"index": 0
					,"type": 1
					,"value": 1
				}
                 ,{
                     "key": "$tex.file"
                     ,"semantic": 1
                     ,"index": 0
                     ,"type": 3
                     ,"value": "crate.png"
                 }
			]
		}
	]
}
